customer_id,total_sales,total_profit,order_count,total_quantity,avg_order_value,cltv,last_order_date,days_since_last_order,likely_churned,churn_prediction,churn_probability
AA-10315,5563.56,-362.8825,5,30,1112.71,5563.55,2017-06-29,184,True,True,0.96
AA-10375,1056.39,277.3824,9,41,117.38,1056.42,2017-12-11,19,False,False,0.0
AA-10480,1790.5120000000002,435.8274,4,36,447.63,1790.52,2017-04-15,259,True,True,0.99
AA-10645,5086.9349999999995,857.8033,6,64,847.82,5086.92,2017-11-05,55,False,False,0.0
AB-10015,886.156,129.3465,3,13,295.39,886.17,2016-11-10,415,True,True,1.0
AB-10060,7755.62,2054.5885,8,56,969.45,7755.6,2017-11-06,54,False,False,0.0
AB-10105,14473.570999999998,5444.8055,10,73,1447.36,14473.6,2017-11-19,41,False,False,0.0
AB-10150,966.71,313.6597,5,37,193.34,966.7,2017-11-19,41,False,False,0.02
AB-10165,1113.838,220.813,8,48,139.23,1113.84,2017-12-05,25,False,False,0.0
AB-10255,914.5319999999999,264.5675,9,39,101.61,914.49,2017-07-17,166,False,False,0.02
AB-10600,1515.862,-274.9604,4,38,378.97,1515.88,2017-11-10,50,False,False,0.01
AC-10420,925.8,-62.1342,3,17,308.6,925.8,2017-05-12,232,True,True,0.98
AC-10450,5527.846,1366.0098,7,43,789.69,5527.83,2017-12-19,11,False,False,0.0
AC-10615,2537.6859999999997,298.8273,5,59,507.54,2537.7,2017-12-24,6,False,False,0.0
AC-10660,657.316,-28.700399999999995,5,16,131.46,657.3,2017-03-23,282,True,True,0.99
AD-10180,6106.88,1869.9294,8,40,763.36,6106.88,2017-12-01,29,False,False,0.0
AF-10870,2052.908,317.9712,7,51,293.27,2052.89,2017-11-19,41,False,False,0.0
AF-10885,861.565,-163.1175,4,37,215.39,861.56,2016-11-10,415,True,True,1.0
AG-10270,2582.898,732.7399,5,58,516.58,2582.9,2017-03-27,278,True,True,1.0
AG-10300,367.548,59.288399999999996,4,16,91.89,367.56,2017-09-03,118,False,False,0.02
AG-10330,660.972,-5.137100000000006,5,47,132.19,660.95,2017-12-22,8,False,False,0.03
AG-10390,200.945,69.2784,5,33,40.19,200.95,2017-09-07,114,False,False,0.01
AG-10495,2356.855,295.6668,8,93,294.61,2356.88,2017-10-13,78,False,False,0.0
AG-10525,1455.038,-152.7613,4,33,363.76,1455.04,2015-09-07,845,True,True,1.0
AG-10675,3489.0396000000005,-246.42570000000003,7,54,498.43,3489.01,2017-09-24,97,False,False,0.0
AG-10765,170.584,-8.431000000000001,4,20,42.65,170.6,2017-10-14,77,False,False,0.0
AG-10900,4510.797,343.6824,10,92,451.08,4510.8,2017-09-25,96,False,False,0.0
AH-10030,1744.7,365.2152,7,54,249.24,1744.68,2017-12-18,12,False,False,0.0
AH-10075,3250.337,281.189,10,75,325.03,3250.3,2017-11-26,34,False,False,0.0
AH-10120,1735.5140000000001,-2.3145999999999773,7,65,247.93,1735.51,2017-10-31,60,False,False,0.01
AH-10195,1587.452,-378.5509,4,28,396.86,1587.44,2017-11-05,55,False,False,0.01
AH-10210,4805.344,1308.5546,9,53,533.93,4805.37,2017-12-24,6,False,False,0.0
AH-10465,2495.3916,-196.12009999999998,5,35,499.08,2495.4,2017-05-14,230,True,True,1.0
AH-10585,738.504,83.96300000000001,4,17,184.63,738.52,2017-12-09,21,False,False,0.0
AH-10690,7888.294,1298.0166,12,102,657.36,7888.32,2016-11-15,410,True,True,1.0
AI-10855,4375.786,867.7271000000001,10,72,437.58,4375.8,2017-12-17,13,False,False,0.0
AJ-10780,4867.344,150.71300000000005,7,62,695.33,4867.31,2017-10-16,75,False,False,0.0
AJ-10795,4501.391,1158.7064,7,88,643.06,4501.42,2017-07-17,166,False,False,0.0
AJ-10945,1839.24,521.1351999999999,7,40,262.75,1839.25,2017-10-06,85,False,False,0.0
AJ-10960,629.2479999999999,60.4265,3,22,209.75,629.25,2017-10-17,74,False,False,0.0
AM-10360,814.012,194.9878,5,48,162.8,814.0,2017-12-02,28,False,False,0.0
AM-10705,5664.022,1085.7326,8,81,708.0,5664.0,2017-07-21,162,False,False,0.01
AO-10810,161.28,12.096,1,2,161.28,161.28,2016-08-16,501,True,True,1.0
AP-10720,1638.554,285.7888,8,85,204.82,1638.56,2017-11-19,41,False,False,0.01
AP-10915,3323.556,579.3113,10,102,332.36,3323.6,2017-09-23,98,False,False,0.0
AR-10345,1055.694,-221.0544,4,18,263.92,1055.68,2017-09-10,111,False,False,0.0
AR-10405,2236.128,-98.7646,5,29,447.23,2236.15,2017-08-27,125,False,False,0.0
AR-10510,264.86400000000003,43.6695,5,33,52.97,264.85,2017-12-16,14,False,False,0.0
AR-10540,6608.448,2884.6208,6,33,1101.41,6608.46,2017-12-24,6,False,False,0.01
AR-10570,88.15,32.633,1,6,88.15,88.15,2016-07-14,534,True,True,0.98
AR-10825,4523.336,494.83519999999993,8,54,565.42,4523.36,2017-11-02,58,False,False,0.0
AS-10045,3050.692,-253.57459999999998,7,48,435.81,3050.67,2017-10-03,88,False,False,0.0
AS-10090,3255.31,64.53739999999998,9,81,361.7,3255.3,2017-12-02,28,False,False,0.0
AS-10135,58.82,21.8496,2,9,29.41,58.82,2017-11-19,41,False,False,0.01
AS-10225,4260.784,719.7751000000001,5,41,852.16,4260.8,2017-12-08,22,False,False,0.0
AS-10240,584.6080000000001,33.715799999999994,7,39,83.52,584.64,2017-06-21,192,True,True,0.98
AS-10285,3214.236,354.62760000000003,6,39,535.71,3214.26,2017-12-11,19,False,False,0.0
AS-10630,833.398,136.49190000000002,7,34,119.06,833.42,2017-09-29,92,False,False,0.0
AT-10435,1171.814,100.87680000000002,6,28,195.3,1171.8,2017-12-09,21,False,False,0.0
AT-10735,3831.864,974.107,10,60,383.19,3831.9,2017-12-17,13,False,False,0.0
AW-10840,649.376,65.77250000000001,4,24,162.34,649.36,2017-12-10,20,False,False,0.0
AW-10930,2852.968,-104.5486,7,68,407.57,2852.99,2017-11-14,46,False,False,0.0
AY-10555,497.014,103.3499,4,34,124.25,497.0,2017-12-16,14,False,False,0.01
AZ-10750,1622.0179999999998,154.9503,6,40,270.34,1622.04,2017-07-23,160,False,False,0.01
BB-10990,744.3399999999999,11.583900000000007,5,26,148.87,744.35,2017-09-16,105,False,False,0.0
BB-11545,6765.728,1015.0749999999999,9,83,751.75,6765.75,2017-12-02,28,False,False,0.0
BC-11125,2933.676,251.5974,9,60,325.96,2933.64,2017-06-11,202,True,True,0.91
BD-11320,5718.521,1094.5037,12,75,476.54,5718.48,2017-11-27,33,False,False,0.01
BD-11500,4411.2429999999995,1142.1225,6,49,735.21,4411.26,2017-11-25,35,False,False,0.0
BD-11560,320.54,116.714,2,11,160.27,320.54,2017-03-27,278,True,True,0.99
BD-11605,3288.471,634.8463,7,74,469.78,3288.46,2017-09-24,97,False,False,0.0
BD-11620,1538.11,206.75689999999997,6,27,256.35,1538.1,2017-10-22,69,False,False,0.01
BD-11635,582.646,141.53400000000002,3,19,194.22,582.66,2017-12-21,9,False,False,0.02
BD-11725,1526.5,333.9791,6,29,254.42,1526.52,2017-09-28,93,False,False,0.0
BD-11770,658.466,141.265,6,21,109.74,658.44,2017-02-06,327,True,True,0.99
BE-11335,4204.676,1487.7739000000001,5,35,840.94,4204.7,2017-09-02,119,False,False,0.0
BE-11410,2261.438,755.9150999999999,5,19,452.29,2261.45,2017-09-23,98,False,False,0.0
BE-11455,1727.652,139.20080000000002,6,40,287.94,1727.64,2017-04-20,254,True,True,1.0
BF-10975,599.798,227.4384,7,38,85.69,599.83,2017-09-30,91,False,False,0.03
BF-11005,1333.88,-291.38109999999995,4,26,333.47,1333.88,2017-11-21,39,False,False,0.0
BF-11020,2888.506,302.02,8,78,361.06,2888.48,2017-10-17,74,False,False,0.0
BF-11080,272.95,110.9272,3,29,90.98,272.94,2017-12-05,25,False,False,0.02
BF-11170,5907.972,1538.2127,11,102,537.09,5907.99,2017-12-14,16,False,False,0.0
BF-11215,1585.162,523.2133,4,48,396.29,1585.16,2017-10-26,65,False,False,0.0
BF-11275,791.9899999999999,25.870199999999997,3,11,264.0,792.0,2017-11-03,57,False,False,0.01
BG-11035,2798.948,-711.4274,8,35,349.87,2798.96,2017-12-02,28,False,False,0.0
BG-11695,1874.172,107.5715,6,24,312.36,1874.16,2017-11-24,36,False,False,0.0
BG-11740,1006.356,119.34790000000001,6,22,167.73,1006.38,2017-11-03,57,False,False,0.0
BH-11710,6255.351,802.7898,8,97,781.92,6255.36,2017-12-07,23,False,False,0.0
BK-11260,659.1379999999999,-63.764399999999995,6,58,109.86,659.16,2017-10-14,77,False,False,0.01
BM-11140,11789.63,-1659.9580999999998,4,64,2947.41,11789.64,2017-02-26,307,True,True,0.98
BM-11575,808.162,95.58160000000001,6,22,134.69,808.14,2017-09-21,100,False,False,0.01
BM-11650,7294.185,2199.2781,11,95,663.11,7294.21,2017-11-27,33,False,False,0.0
BM-11785,1338.842,137.7439,10,44,133.88,1338.8,2017-05-26,218,True,True,0.98
BN-11470,265.296,36.6131,4,15,66.32,265.28,2017-12-06,24,False,False,0.0
BN-11515,1459.344,340.7054,5,79,291.87,1459.35,2017-12-21,9,False,False,0.01
BO-11350,2682.728,278.77700000000004,5,43,536.55,2682.75,2017-08-15,137,False,False,0.01
BO-11425,130.83,59.4522,2,7,65.42,130.84,2017-10-16,75,False,False,0.03
BP-11050,983.42,209.78300000000002,5,30,196.68,983.4,2017-10-08,83,False,False,0.0
BP-11095,2442.044,433.9751,12,70,203.5,2442.0,2017-12-13,17,False,False,0.0
BP-11155,1697.8609999999999,647.3847000000001,6,32,282.98,1697.88,2017-10-02,89,False,False,0.0
BP-11185,3675.861,363.5991,9,69,408.43,3675.87,2017-12-29,1,False,False,0.0
BP-11230,1181.49,-197.2695,5,14,236.3,1181.5,2017-11-21,39,False,False,0.0
BP-11290,2475.157,-319.0637,7,51,353.59,2475.13,2017-12-18,12,False,False,0.0
BS-11365,10501.653,2616.0643999999998,5,39,2100.33,10501.65,2016-06-20,558,True,True,0.99
BS-11380,3887.834,-17.532200000000024,5,58,777.57,3887.85,2017-12-02,28,False,False,0.0
BS-11590,2454.928,381.7807,6,41,409.15,2454.9,2017-11-25,35,False,False,0.0
BS-11665,3288.1099999999997,238.73680000000002,3,47,1096.04,3288.12,2016-05-27,582,True,True,0.99
BS-11755,2562.382,-113.29840000000003,7,45,366.05,2562.35,2017-12-29,1,False,False,0.0
BS-11800,949.4300000000001,194.0516,2,22,474.72,949.44,2017-04-09,265,True,True,1.0
BT-11305,2567.656,417.5918,5,33,513.53,2567.65,2017-01-28,336,True,True,0.99
BT-11395,2186.6130000000003,257.9163,6,38,364.44,2186.64,2017-03-03,302,True,True,0.96
BT-11440,603.876,-77.5256,4,16,150.97,603.88,2016-06-18,560,True,True,0.98
BT-11485,415.19599999999997,126.8694,2,11,207.6,415.2,2016-03-11,659,True,True,1.0
BT-11530,2684.4919999999997,409.4983,5,44,536.9,2684.5,2017-09-30,91,False,False,0.01
BT-11680,3196.752,447.74839999999995,7,88,456.68,3196.76,2017-12-10,20,False,False,0.0
BV-11245,1523.2730000000001,315.2214,5,49,304.65,1523.25,2017-01-30,334,True,True,0.99
BW-11065,385.516,-58.28659999999999,3,8,128.51,385.53,2017-06-01,212,True,True,0.99
BW-11110,4750.358,921.2574,8,74,593.79,4750.32,2017-08-31,121,False,False,0.0
BW-11200,1738.406,246.9973,6,49,289.73,1738.38,2017-06-10,203,True,True,1.0
CA-11965,3789.7228,1143.3817,6,29,631.62,3789.72,2017-09-25,96,False,False,0.0
CA-12055,1679.7240000000002,211.2559,5,49,335.94,1679.7,2016-11-24,401,True,True,0.99
CA-12265,2648.2872,279.6183,9,65,294.25,2648.25,2017-11-04,56,False,False,0.0
CA-12310,1421.954,246.02179999999998,4,25,355.49,1421.96,2017-12-17,13,False,False,0.0
CA-12775,3041.566,204.48950000000002,7,72,434.51,3041.57,2017-09-01,120,False,False,0.0
CB-12025,6076.139,150.2089,10,122,607.61,6076.1,2017-11-13,47,False,False,0.0
CB-12415,1949.2,272.3883,8,44,243.65,1949.2,2017-12-04,26,False,False,0.0
CB-12535,4246.4555,1049.5601,8,74,530.81,4246.48,2017-06-16,197,True,True,1.0
CC-12100,1770.945,208.5912,6,46,295.16,1770.96,2016-09-29,457,True,True,1.0
CC-12145,2471.65,392.2825,7,31,353.09,2471.63,2017-09-15,106,False,False,0.0
CC-12220,3913.418,393.9618,12,81,326.12,3913.44,2017-12-10,20,False,False,0.0
CC-12370,12129.072000000002,2177.0493,5,34,2425.81,12129.05,2017-11-17,43,False,False,0.05
CC-12430,2870.05,424.6583,10,63,287.0,2870.0,2017-12-30,0,False,False,0.0
CC-12475,1659.438,154.851,9,40,184.38,1659.42,2017-11-21,39,False,False,0.0
CC-12550,113.832,33.870599999999996,3,14,37.94,113.82,2017-12-03,27,False,False,0.01
CC-12610,2540.631,331.434,7,39,362.95,2540.65,2017-11-26,34,False,False,0.0
CC-12670,2269.7015,187.8399,7,47,324.24,2269.68,2017-12-01,29,False,False,0.0
CC-12685,2854.1150000000002,850.1591,4,51,713.53,2854.12,2015-10-23,799,True,True,1.0
CD-11920,2033.968,426.661,5,35,406.79,2033.95,2017-11-20,40,False,False,0.0
CD-11980,639.766,-206.7172,3,22,213.26,639.78,2017-11-06,54,False,False,0.0
CD-12280,1205.584,233.0274,2,39,602.79,1205.58,2017-11-18,42,False,False,0.0
CD-12790,1860.732,403.8422,5,49,372.15,1860.75,2016-11-26,399,True,True,0.99
CG-12040,904.4680000000001,86.5106,6,37,150.74,904.44,2017-11-11,49,False,False,0.0
CG-12520,1148.7800000000002,169.93439999999998,3,14,382.93,1148.79,2017-01-26,338,True,True,1.0
CH-12070,1537.236,195.15109999999999,3,13,512.41,1537.23,2016-02-08,691,True,True,1.0
CJ-11875,16.52,1.652,1,5,16.52,16.52,2016-12-30,365,True,True,1.0
CJ-12010,11164.974,858.7414,8,83,1395.62,11164.96,2017-06-24,189,True,True,1.0
CK-12205,3154.855,141.2831,13,122,242.68,3154.84,2017-11-21,39,False,False,0.0
CK-12325,2945.321,261.22090000000003,5,46,589.06,2945.3,2017-09-01,120,False,False,0.0
CK-12595,2372.75,497.70980000000003,11,108,215.7,2372.7,2017-11-17,43,False,False,0.0
CK-12760,1582.109,-338.4311,9,64,175.79,1582.11,2017-10-09,82,False,False,0.02
CL-11890,1262.0140000000001,328.0847,4,24,315.5,1262.0,2017-09-15,106,False,False,0.0
CL-12565,10880.546,1933.7830999999999,12,106,906.71,10880.52,2017-03-21,284,True,True,1.0
CL-12700,2353.586,229.00990000000002,5,34,470.72,2353.6,2017-09-16,105,False,False,0.0
CM-11815,1673.888,214.463,6,38,278.98,1673.88,2017-08-21,131,False,False,0.01
CM-11935,565.392,-43.732400000000005,2,18,282.7,565.4,2016-01-22,708,True,True,0.99
CM-12115,1661.6100000000001,409.0679,4,35,415.4,1661.6,2017-12-22,8,False,False,0.0
CM-12160,2533.314,-394.3686,6,23,422.22,2533.32,2017-12-04,26,False,False,0.0
CM-12190,1475.144,91.2033,6,21,245.86,1475.16,2017-12-22,8,False,False,0.0
CM-12235,2305.712,365.0387,5,28,461.14,2305.7,2016-12-10,385,True,True,0.99
CM-12385,8954.019999999999,3899.8903999999998,4,34,2238.5,8954.0,2017-11-23,37,False,False,0.03
CM-12445,287.99,64.4296,3,32,96.0,288.0,2016-10-20,436,True,True,0.97
CM-12655,6339.5576,1572.4585,6,42,1056.59,6339.54,2017-12-03,27,False,False,0.01
CM-12715,3984.4524,176.3108,4,57,996.11,3984.44,2015-03-01,1035,True,True,1.0
CP-12085,5402.254,427.0258,8,57,675.28,5402.24,2017-10-09,82,False,False,0.0
CP-12340,5888.275,-1850.3029000000001,8,59,736.03,5888.24,2017-07-23,160,False,False,0.0
CR-12580,2148.852,74.40129999999999,4,32,537.21,2148.84,2017-11-03,57,False,False,0.0
CR-12625,475.9,144.7594,3,14,158.63,475.89,2016-09-16,470,True,True,0.99
CR-12730,1600.55,306.9176,4,18,400.14,1600.56,2017-10-13,78,False,False,0.0
CR-12820,1397.8724,83.27029999999999,3,26,465.96,1397.88,2017-10-06,85,False,False,0.01
CS-11845,1278.954,185.3776,5,22,255.79,1278.95,2017-09-30,91,False,False,0.0
CS-11860,537.632,105.8275,6,16,89.61,537.66,2017-07-21,162,False,False,0.01
CS-11950,3036.547,-126.4223,11,68,276.05,3036.55,2017-12-05,25,False,False,0.0
CS-12130,884.64,143.8339,4,28,221.16,884.64,2016-08-28,489,True,True,1.0
CS-12175,844.4580000000001,113.1405,5,30,168.89,844.45,2017-05-12,232,True,True,0.95
CS-12250,2754.216,738.3626,12,97,229.52,2754.24,2017-12-04,26,False,False,0.0
CS-12355,3202.1620000000003,831.9432,11,74,291.11,3202.21,2017-12-24,6,False,False,0.0
CS-12400,3651.8585000000003,-342.80330000000004,9,47,405.76,3651.84,2017-12-28,2,False,False,0.0
CS-12460,550.644,156.2593,2,13,275.32,550.64,2017-12-03,27,False,False,0.01
CS-12490,1077.2285,-302.8761,4,33,269.31,1077.24,2016-11-01,424,True,True,1.0
CS-12505,5690.054999999999,-6626.389499999999,6,40,948.34,5690.04,2017-11-02,58,False,False,0.0
CT-11995,3241.898,161.22629999999995,8,60,405.24,3241.92,2017-09-25,96,False,False,0.0
CV-12295,2830.6279999999997,493.0861,5,54,566.13,2830.65,2017-04-20,254,True,True,1.0
CV-12805,2370.3136,98.99749999999999,9,62,263.37,2370.33,2017-12-25,5,False,False,0.0
CW-11905,1136.592,370.8298,6,40,189.43,1136.58,2017-12-08,22,False,False,0.0
CY-12745,2900.026,60.64670000000001,8,43,362.5,2900.0,2017-10-31,60,False,False,0.0
Co-12640,1300.076,205.62820000000002,5,30,260.02,1300.1,2016-06-29,549,True,True,1.0
DA-13450,156.76,56.7904,4,27,39.19,156.76,2017-01-12,352,True,True,0.96
DB-12910,2171.599,431.3748,8,47,271.45,2171.6,2017-12-09,21,False,False,0.0
DB-12970,2839.2272,213.00289999999998,5,43,567.85,2839.25,2017-05-03,241,True,True,1.0
DB-13060,4531.646,473.0272,7,48,647.38,4531.66,2017-12-14,16,False,False,0.0
DB-13120,2973.094,-1421.7692,7,59,424.73,2973.11,2017-11-12,48,False,False,0.0
DB-13210,2332.577,169.9679,10,75,233.26,2332.6,2017-12-21,9,False,False,0.0
DB-13270,4655.897,841.8263999999999,8,52,581.99,4655.92,2017-11-07,53,False,False,0.0
DB-13360,1081.466,291.0085,5,28,216.29,1081.45,2017-04-10,264,True,True,0.99
DB-13405,1711.692,438.9092,4,62,427.92,1711.68,2017-06-26,187,True,True,0.97
DB-13555,3908.8028,109.32700000000001,7,61,558.4,3908.8,2017-09-14,107,False,False,0.0
DB-13615,1989.05,438.80119999999994,7,41,284.15,1989.05,2017-11-27,33,False,False,0.0
DB-13660,1155.202,177.67350000000002,7,33,165.03,1155.21,2017-12-18,12,False,False,0.0
DC-12850,3336.168,-1441.6312999999998,9,64,370.69,3336.21,2017-11-23,37,False,False,0.0
DC-13285,1174.618,132.06820000000002,5,37,234.92,1174.6,2017-12-07,23,False,False,0.01
DD-13570,269.542,36.4344,6,33,44.92,269.52,2017-11-19,41,False,False,0.03
DE-13255,2550.874,464.47139999999996,5,38,510.17,2550.85,2016-01-11,719,True,True,1.0
DF-13135,2390.534,-259.3097,3,23,796.84,2390.52,2016-01-30,700,True,True,0.99
DG-13300,3195.818,562.7761,5,39,639.16,3195.8,2017-11-28,32,False,False,0.0
DH-13075,4932.872,1193.7404,6,81,822.15,4932.9,2017-03-28,277,True,True,0.99
DH-13675,1043.096,116.667,4,41,260.77,1043.08,2015-11-15,776,True,True,1.0
DJ-13420,2012.52,483.03499999999997,4,20,503.13,2012.52,2016-04-02,637,True,True,1.0
DJ-13510,2501.6879999999996,345.2521,8,52,312.71,2501.68,2017-11-12,48,False,False,0.0
DJ-13630,3356.398,731.5644,3,43,1118.8,3356.4,2017-12-18,12,False,False,0.0
DK-12835,3256.48,881.1228000000001,12,86,271.37,3256.44,2017-12-09,21,False,False,0.0
DK-12895,4282.176,937.6496,5,65,856.44,4282.2,2017-11-15,45,False,False,0.0
DK-12985,1687.04,-107.35379999999998,5,32,337.41,1687.05,2017-12-23,7,False,False,0.0
DK-13090,2650.557,536.3935,7,33,378.65,2650.55,2017-11-18,42,False,False,0.01
DK-13150,797.832,249.9447,2,20,398.92,797.84,2017-12-20,10,False,False,0.0
DK-13225,4802.394,209.89940000000004,9,70,533.6,4802.4,2017-12-20,10,False,False,0.0
DK-13375,3318.486,377.0799,8,77,414.81,3318.48,2017-12-11,19,False,False,0.0
DL-12865,1503.112,322.2449,8,51,187.89,1503.12,2017-09-21,100,False,False,0.0
DL-12925,3272.2,4.213200000000029,6,43,545.37,3272.22,2017-11-03,57,False,False,0.0
DL-13315,1458.258,288.8732,8,74,182.28,1458.24,2017-12-08,22,False,False,0.0
DL-13330,585.02,222.6812,4,32,146.26,585.04,2017-11-03,57,False,False,0.0
DL-13495,3539.322,-52.78799999999997,8,33,442.42,3539.36,2017-10-15,76,False,False,0.0
DM-12955,1322.034,108.7583,7,28,188.86,1322.02,2017-09-07,114,False,False,0.0
DM-13015,6345.103,1677.3931,7,87,906.44,6345.08,2017-11-03,57,False,False,0.0
DM-13345,4074.4719999999998,1319.0586,8,41,509.31,4074.48,2017-12-08,22,False,False,0.0
DM-13525,1376.792,199.7688,3,33,458.93,1376.79,2016-09-05,481,True,True,1.0
DN-13690,2139.79,540.5405000000001,7,41,305.68,2139.76,2017-05-27,217,True,True,0.98
DO-13435,1300.0315,-38.90860000000001,9,48,144.45,1300.05,2017-08-19,133,False,False,0.0
DO-13645,1267.316,294.0676,7,36,181.05,1267.35,2017-12-04,26,False,False,0.0
DP-13000,1050.636,241.4524,9,58,116.74,1050.66,2017-08-26,126,False,False,0.0
DP-13105,2215.002,563.1761,8,63,276.88,2215.04,2017-12-24,6,False,False,0.0
DP-13165,1058.616,-40.93759999999999,2,20,529.31,1058.62,2015-10-10,812,True,True,1.0
DP-13390,5480.723999999999,1571.8318,9,50,608.97,5480.73,2017-01-06,358,True,True,0.99
DR-12880,6528.034000000001,1641.8613,9,103,725.34,6528.06,2017-12-27,3,False,False,0.01
DR-12940,8350.868,2869.0759999999996,8,57,1043.86,8350.88,2017-11-10,50,False,False,0.0
DS-13030,1762.213,193.3319,4,54,440.55,1762.2,2017-09-28,93,False,False,0.01
DS-13180,2881.8128,163.6993,9,68,320.2,2881.8,2017-12-07,23,False,False,0.0
DV-13045,1119.483,-427.184,5,28,223.9,1119.5,2017-12-11,19,False,False,0.0
DV-13465,3341.587,353.2127,6,62,556.93,3341.58,2017-12-01,29,False,False,0.0
DW-13195,1080.751,-86.87379999999999,6,39,180.13,1080.78,2017-10-22,69,False,False,0.0
DW-13480,5271.628,1348.7556,5,38,1054.33,5271.65,2017-05-27,217,True,True,1.0
DW-13540,344.08,69.6672,5,21,68.82,344.1,2017-09-23,98,False,False,0.0
DW-13585,1204.854,-266.8966,7,44,172.12,1204.84,2017-05-02,242,True,True,0.99
Dl-13600,755.602,175.2388,5,19,151.12,755.6,2017-09-02,119,False,False,0.0
Dp-13240,7198.7609999999995,333.36479999999995,11,99,654.43,7198.73,2017-10-07,84,False,False,0.0
EA-14035,2846.705,-52.74059999999998,13,87,218.98,2846.74,2017-07-31,152,False,False,0.0
EB-13705,3644.978,13.621500000000005,9,55,405.0,3645.0,2017-11-12,48,False,False,0.0
EB-13750,3236.314,-80.28599999999999,10,91,323.63,3236.3,2017-11-25,35,False,False,0.0
EB-13840,4358.128,656.1988,5,41,871.63,4358.15,2017-10-01,90,False,False,0.0
EB-13870,2767.219,261.5315,10,41,276.72,2767.2,2017-09-21,100,False,False,0.0
EB-13930,944.6000000000001,0.6042000000000058,5,24,188.92,944.6,2017-07-22,161,False,False,0.03
EB-13975,1643.255,162.8781,4,18,410.81,1643.24,2017-12-30,0,False,False,0.0
EB-14110,3071.126,184.7656,6,30,511.85,3071.1,2017-09-08,113,False,False,0.0
EB-14170,1186.326,282.1701,6,20,197.72,1186.32,2017-10-09,82,False,False,0.01
EC-14050,461.914,96.4256,5,37,92.38,461.9,2017-11-07,53,False,False,0.03
ED-13885,3484.92,670.4435000000001,8,54,435.62,3484.96,2017-08-17,135,False,False,0.0
EG-13900,1832.02,104.2656,5,44,366.4,1832.0,2017-12-08,22,False,False,0.0
EH-13765,10310.880000000001,1393.5154,12,120,859.24,10310.88,2017-08-17,135,False,False,0.01
EH-13945,684.1709999999999,53.53980000000001,8,72,85.52,684.16,2017-05-27,217,True,True,0.98
EH-13990,825.9499999999999,150.3759,6,20,137.66,825.96,2016-11-20,405,True,True,0.98
EH-14005,1219.53,-94.14079999999997,7,50,174.22,1219.54,2017-12-28,2,False,False,0.0
EH-14125,3082.653,96.27019999999999,10,76,308.27,3082.7,2017-07-31,152,False,False,0.0
EH-14185,923.884,242.1107,6,22,153.98,923.88,2017-09-16,105,False,False,0.01
EJ-13720,2162.174,387.0176,4,31,540.54,2162.16,2017-03-03,302,True,True,1.0
EJ-14155,2656.691,451.87550000000005,5,31,531.34,2656.7,2017-11-03,57,False,False,0.0
EK-13795,1303.478,97.10659999999999,4,18,325.87,1303.48,2017-11-16,44,False,False,0.0
EL-13735,124.28,27.1154,2,9,62.14,124.28,2017-10-14,77,False,False,0.04
EM-13810,2567.0099999999998,-133.8275,5,23,513.4,2567.0,2017-08-20,132,False,False,0.0
EM-13825,2339.598,682.5541999999999,8,57,292.45,2339.6,2017-11-05,55,False,False,0.0
EM-13960,933.704,102.29599999999999,5,18,186.74,933.7,2017-08-01,151,False,False,0.03
EM-14065,228.99,40.15459999999999,4,22,57.25,229.0,2017-11-13,47,False,False,0.0
EM-14095,1041.0420000000001,240.2362,4,34,260.26,1041.04,2017-09-08,113,False,False,0.0
EM-14140,4588.436000000001,1319.3655,6,74,764.74,4588.44,2017-11-12,48,False,False,0.0
EM-14200,366.822,21.7721,3,13,122.27,366.81,2017-07-25,158,False,False,0.02
EN-13780,2199.366,496.1131,4,27,549.84,2199.36,2017-03-18,287,True,True,1.0
EP-13915,5478.0608,144.9578,17,124,322.24,5478.08,2017-12-18,12,False,False,0.0
ER-13855,1245.788,-295.7398,3,27,415.26,1245.78,2016-11-04,421,True,True,1.0
ES-14020,3510.4579999999996,1003.2935,5,31,702.09,3510.45,2017-11-20,40,False,False,0.0
ES-14080,4657.924,246.6661,9,77,517.55,4657.95,2017-12-02,28,False,False,0.0
FA-14230,2984.054,520.5229,7,58,426.29,2984.03,2017-09-24,97,False,False,0.0
FC-14245,3418.742,1217.1662000000001,7,50,488.39,3418.73,2017-10-21,70,False,False,0.0
FC-14335,3889.366,714.2926,7,37,555.62,3889.34,2017-06-29,184,True,True,0.99
FG-14260,1383.144,394.73969999999997,7,48,197.59,1383.13,2017-11-26,34,False,False,0.01
FH-14275,4256.272,1073.2676,10,65,425.63,4256.3,2017-11-23,37,False,False,0.0
FH-14350,2271.284,706.289,4,52,567.82,2271.28,2017-06-01,212,True,True,1.0
FH-14365,6987.196,2050.2826,8,52,873.4,6987.2,2017-12-25,5,False,False,0.0
FM-14215,2456.638,249.6808,10,48,245.66,2456.6,2017-12-23,7,False,False,0.0
FM-14290,3736.198,198.10949999999997,9,79,415.13,3736.17,2017-11-24,36,False,False,0.0
FM-14380,2523.266,191.4898,9,53,280.36,2523.24,2017-08-07,145,False,False,0.0
FO-14305,2678.438,215.59689999999998,10,60,267.84,2678.4,2017-11-22,38,False,False,0.0
FP-14320,4046.746,406.44730000000004,8,54,505.84,4046.72,2017-12-07,23,False,False,0.0
FW-14395,79.75,23.491300000000003,3,9,26.58,79.74,2017-01-02,362,True,True,0.98
GA-14515,3919.7760000000003,840.899,8,48,489.97,3919.76,2017-08-03,149,False,False,0.0
GA-14725,1398.382,136.70790000000002,11,79,127.13,1398.43,2017-12-25,5,False,False,0.0
GB-14530,1568.44,7.837100000000003,11,62,142.59,1568.49,2017-10-29,62,False,False,0.03
GB-14575,4716.288,1135.8393,5,63,943.26,4716.3,2017-12-17,13,False,False,0.0
GD-14590,1888.07,230.93729999999996,4,25,472.02,1888.08,2017-12-25,5,False,False,0.0
GG-14650,2224.0,12.698500000000008,9,92,247.11,2223.99,2017-11-17,43,False,False,0.0
GH-14410,2819.4669999999996,-576.8335,9,65,313.27,2819.43,2017-10-16,75,False,False,0.0
GH-14425,4172.8460000000005,1176.4181,4,51,1043.21,4172.84,2017-11-10,50,False,False,0.0
GH-14485,1361.2440000000001,-95.4498,2,15,680.62,1361.24,2016-12-08,387,True,True,1.0
GH-14665,146.94080000000002,-5.810200000000001,2,9,73.47,146.94,2017-12-28,2,False,False,0.02
GK-14620,6497.27,1448.5525,9,66,721.92,6497.28,2017-09-09,112,False,False,0.01
GM-14440,3582.8199999999997,347.266,7,43,511.83,3582.81,2017-10-08,83,False,False,0.0
GM-14455,3078.624,793.2814000000001,6,54,513.1,3078.6,2017-12-14,16,False,False,0.0
GM-14500,1255.682,441.3185,10,53,125.57,1255.7,2017-09-15,106,False,False,0.01
GM-14680,3163.628,35.48649999999999,6,31,527.27,3163.62,2017-07-31,152,False,False,0.0
GM-14695,6049.966,188.7235,3,44,2016.66,6049.98,2017-09-04,117,False,False,0.01
GP-14740,236.53,31.837600000000002,2,21,118.26,236.52,2015-11-26,765,True,True,0.99
GR-14560,1284.38,359.83320000000003,2,23,642.19,1284.38,2014-11-21,1135,True,True,1.0
GT-14635,9351.212,-4108.6589,3,26,3117.07,9351.21,2017-11-04,56,False,False,0.03
GT-14710,11820.119999999999,2163.4269,11,106,1074.56,11820.16,2017-11-24,36,False,False,0.0
GT-14755,226.436,-6.139200000000002,4,23,56.61,226.44,2017-11-26,34,False,False,0.0
GW-14605,2189.019,-268.54229999999995,7,43,312.72,2189.04,2017-12-02,28,False,False,0.0
GZ-14470,4355.150000000001,1087.7539,9,48,483.91,4355.19,2017-12-23,7,False,False,0.0
GZ-14545,2454.6220000000003,828.661,4,25,613.66,2454.64,2017-07-26,157,False,False,0.0
HA-14905,2163.3,270.8574,7,45,309.04,2163.28,2017-10-22,69,False,False,0.0
HA-14920,2584.158,99.1445,8,72,323.02,2584.16,2017-12-10,20,False,False,0.0
HD-14785,251.36,-135.87599999999998,3,31,83.79,251.37,2015-11-22,769,True,True,1.0
HE-14800,883.5319999999999,274.4028,4,44,220.88,883.52,2017-12-18,12,False,False,0.0
HF-14995,2533.1639999999998,-13.876799999999989,7,70,361.88,2533.16,2017-12-09,21,False,False,0.0
HG-14845,785.628,147.0032,5,31,157.13,785.65,2017-11-06,54,False,False,0.0
HG-14965,3247.642,-2797.9635000000003,12,68,270.64,3247.68,2017-12-07,23,False,False,0.0
HG-15025,3690.284,804.6113,7,38,527.18,3690.26,2017-12-24,6,False,False,0.0
HH-15010,218.668,86.7342,2,20,109.33,218.66,2017-10-19,72,False,False,0.01
HJ-14875,358.1,98.6548,5,21,71.62,358.1,2017-08-26,126,False,False,0.0
HK-14890,4877.784,956.9451,8,64,609.72,4877.76,2017-08-01,151,False,False,0.0
HL-15040,12873.297999999999,5622.4292000000005,6,50,2145.55,12873.3,2017-11-17,43,False,False,0.0
HM-14860,8236.7648,2437.9836,10,76,823.68,8236.8,2017-12-28,2,False,False,0.0
HM-14980,736.276,117.2755,4,29,184.07,736.28,2017-04-27,247,True,True,0.96
HP-14815,1990.314,373.8637,7,44,284.33,1990.31,2017-11-30,30,False,False,0.0
HR-14770,1299.288,185.5794,5,38,259.86,1299.3,2017-12-17,13,False,False,0.0
HR-14830,5248.787,1196.9504,7,51,749.83,5248.81,2017-07-24,159,False,False,0.0
HW-14935,9300.254,2164.1611,8,85,1162.53,9300.24,2017-09-04,117,False,False,0.0
HZ-14950,886.52,-130.3879,5,21,177.3,886.5,2017-11-25,35,False,False,0.01
IG-15085,744.574,320.4982,4,19,186.14,744.56,2017-10-20,71,False,False,0.0
IL-15100,5040.736,1121.937,7,60,720.11,5040.77,2017-08-10,142,False,False,0.0
IM-15055,2872.63,975.7701,3,19,957.54,2872.62,2016-11-16,409,True,True,0.98
IM-15070,4930.474,514.6527,7,93,704.35,4930.45,2016-12-05,390,True,True,0.98
JA-15970,6491.026,-819.4217000000001,8,87,811.38,6491.04,2017-09-29,92,False,False,0.0
JB-15400,1791.605,156.05319999999998,10,43,179.16,1791.6,2017-12-23,7,False,False,0.0
JB-15925,900.552,-286.9808,3,32,300.18,900.54,2015-12-24,737,True,True,1.0
JB-16000,644.1188,126.76490000000001,7,32,92.02,644.14,2017-11-17,43,False,False,0.0
JB-16045,2518.115,201.51850000000002,5,32,503.62,2518.1,2017-12-23,7,False,False,0.0
JC-15340,71.263,-0.35560000000000036,4,12,17.82,71.28,2017-09-07,114,False,False,0.01
JC-15385,1058.108,502.92440000000005,1,14,1058.11,1058.11,2017-07-08,175,False,False,0.04
JC-15775,2772.055,279.56919999999997,9,64,308.01,2772.09,2017-07-25,158,False,False,0.0
JC-16105,858.576,201.5952,5,43,171.72,858.6,2017-11-03,57,False,False,0.0
JD-15790,2152.352,-266.55249999999995,5,26,430.47,2152.35,2017-09-04,117,False,False,0.0
JD-15895,7610.8640000000005,1050.2667999999999,11,150,691.9,7610.9,2016-12-01,394,True,True,0.99
JD-16015,385.43,26.7605,6,39,64.24,385.44,2017-09-09,112,False,False,0.04
JD-16060,695.442,111.11410000000001,3,17,231.81,695.43,2017-03-05,300,True,True,1.0
JD-16150,8828.0305,1619.5199,8,60,1103.5,8828.0,2017-11-19,41,False,False,0.0
JE-15475,1388.682,276.2197,6,49,231.45,1388.7,2017-06-20,193,True,True,1.0
JE-15610,7754.976,1623.4019,7,74,1107.85,7754.95,2017-11-12,48,False,False,0.0
JE-15715,8697.842999999999,1262.2926,10,97,869.78,8697.8,2017-11-14,46,False,False,0.0
JE-15745,6760.8150000000005,221.79670000000002,13,90,520.06,6760.78,2017-11-09,51,False,False,0.0
JE-16165,2697.248,789.6476,3,34,899.08,2697.24,2017-12-10,20,False,False,0.0
JF-15190,2279.5860000000002,575.1259,7,72,325.66,2279.62,2017-10-26,65,False,False,0.0
JF-15295,955.124,97.28899999999999,5,42,191.02,955.1,2017-05-19,225,True,True,0.99
JF-15355,1911.844,330.199,6,58,318.64,1911.84,2017-09-16,105,False,False,0.0
JF-15415,2371.448,635.6376,6,69,395.24,2371.44,2017-12-28,2,False,False,0.0
JF-15490,1082.918,-18.06730000000001,11,36,98.45,1082.95,2017-08-31,121,False,False,0.0
JF-15565,4198.332,1073.2088,8,67,524.79,4198.32,2017-11-06,54,False,False,0.0
JG-15115,2358.676,684.1911,3,20,786.23,2358.69,2015-12-03,758,True,True,1.0
JG-15160,6366.392,1415.6664,11,70,578.76,6366.36,2017-12-29,1,False,False,0.0
JG-15310,2240.58,3.7976000000000063,6,46,373.43,2240.58,2017-12-28,2,False,False,0.0
JG-15805,1507.018,206.1019,6,46,251.17,1507.02,2017-05-21,223,True,True,0.99
JH-15430,309.281,-24.077100000000005,4,29,77.32,309.28,2017-12-25,5,False,False,0.02
JH-15820,528.91,26.082199999999997,6,29,88.15,528.9,2017-07-09,174,False,False,0.06
JH-15910,959.477,-13.554499999999996,7,35,137.07,959.49,2017-11-19,41,False,False,0.0
JH-15985,7954.9980000000005,-644.6982,6,64,1325.83,7954.98,2017-12-01,29,False,False,0.0
JH-16180,2256.3940000000002,-96.95300000000002,4,28,564.1,2256.4,2016-11-21,404,True,True,1.0
JJ-15445,709.178,200.5558,5,25,141.84,709.2,2016-09-03,483,True,True,0.99
JJ-15760,195.0,34.449200000000005,2,11,97.5,195.0,2015-12-08,753,True,True,0.99
JK-15205,4427.142,1219.983,5,67,885.43,4427.15,2017-10-30,61,False,False,0.0
JK-15325,383.812,55.32769999999999,3,15,127.94,383.82,2017-03-18,287,True,True,1.0
JK-15370,2709.632,330.2838,8,72,338.7,2709.6,2017-11-16,44,False,False,0.0
JK-15625,3760.028,750.9485,7,44,537.15,3760.05,2017-10-30,61,False,False,0.0
JK-15640,4760.434,1172.5303,9,41,528.94,4760.46,2017-07-03,180,False,False,0.14
JK-15730,4867.2,55.0483,10,88,486.72,4867.2,2017-10-07,84,False,False,0.0
JK-16090,3747.668,586.6625,3,43,1249.22,3747.66,2017-12-02,28,False,False,0.0
JK-16120,2932.484,122.6566,10,49,293.25,2932.5,2017-09-04,117,False,False,0.0
JL-15130,1214.956,-207.79559999999998,6,42,202.49,1214.94,2017-12-22,8,False,False,0.0
JL-15175,1571.523,209.2817,5,29,314.3,1571.5,2017-12-24,6,False,False,0.01
JL-15235,2203.7,54.51740000000002,5,39,440.74,2203.7,2017-09-02,119,False,False,0.0
JL-15505,3173.874,591.7163,6,56,528.98,3173.88,2017-11-11,49,False,False,0.0
JL-15835,9799.923,228.907,11,143,890.9,9799.9,2017-12-09,21,False,False,0.0
JL-15850,2725.256,779.9046,6,38,454.21,2725.26,2016-04-25,614,True,True,1.0
JM-15250,3159.1220000000003,19.82350000000004,6,91,526.52,3159.12,2017-11-23,37,False,False,0.0
JM-15265,1804.146,502.6143,5,52,360.83,1804.15,2017-11-23,37,False,False,0.0
JM-15535,1733.443,356.5395,7,46,247.63,1733.41,2017-09-19,102,False,False,0.0
JM-15580,303.948,113.1204,5,26,60.79,303.95,2017-12-30,0,False,False,0.01
JM-15655,864.947,117.20400000000001,5,41,172.99,864.95,2017-12-22,8,False,False,0.0
JM-15865,7625.076000000001,1574.6163999999999,7,50,1089.3,7625.1,2017-09-12,109,False,False,0.0
JM-16195,2833.9260000000004,754.1144,10,74,283.39,2833.9,2017-11-03,57,False,False,0.0
JO-15145,3254.949,581.4045,9,59,361.66,3254.94,2017-11-03,57,False,False,0.0
JO-15280,1934.272,202.13619999999997,6,36,322.38,1934.28,2017-09-29,92,False,False,0.0
JO-15550,1090.838,167.6709,5,42,218.17,1090.85,2017-05-29,215,True,True,1.0
JP-15460,1669.135,429.7465,7,54,238.45,1669.15,2017-11-23,37,False,False,0.0
JP-15520,3635.594,757.1802,7,63,519.37,3635.59,2017-12-22,8,False,False,0.0
JP-16135,1707.71,309.7116,9,47,189.75,1707.75,2017-09-19,102,False,False,0.0
JR-15670,1156.658,-785.1645,2,14,578.33,1156.66,2016-05-16,593,True,True,1.0
JR-15700,863.88,107.985,1,3,863.88,863.88,2017-10-23,68,False,False,0.01
JR-16210,2201.686,452.37300000000005,5,41,440.34,2201.7,2017-11-27,33,False,False,0.0
JS-15595,1417.654,-175.54899999999998,4,35,354.41,1417.64,2017-09-02,119,False,False,0.0
JS-15685,1131.0639999999999,-54.8692,4,42,282.77,1131.08,2017-11-18,42,False,False,0.0
JS-15880,3868.02,564.9798000000001,5,43,773.6,3868.0,2016-07-14,534,True,True,1.0
JS-15940,469.169,-327.9336,5,37,93.83,469.15,2016-09-23,463,True,True,1.0
JS-16030,2516.494,-311.25749999999994,6,70,419.42,2516.52,2017-12-02,28,False,False,0.0
JW-15220,7721.714,2173.7093999999997,6,66,1286.95,7721.7,2017-11-18,42,False,False,0.01
JW-15955,1244.086,-29.575899999999987,7,41,177.73,1244.11,2017-12-25,5,False,False,0.0
JW-16075,1428.731,154.06369999999998,4,38,357.18,1428.72,2016-09-25,461,True,True,1.0
KA-16525,1519.506,234.9194,7,57,217.07,1519.49,2017-11-24,36,False,False,0.0
KB-16240,3152.6150000000002,763.9076,7,34,450.37,3152.59,2017-12-26,4,False,False,0.0
KB-16315,1569.464,49.71929999999999,9,62,174.38,1569.42,2017-03-09,296,True,True,1.0
KB-16405,908.821,274.297,3,25,302.94,908.82,2017-09-04,117,False,False,0.02
KB-16585,2744.742,579.3551,12,102,228.73,2744.76,2017-05-14,230,True,True,0.98
KB-16600,983.922,293.55240000000003,7,29,140.56,983.92,2017-12-29,1,False,False,0.0
KC-16255,2120.954,846.1217,6,40,353.49,2120.94,2016-11-18,407,True,True,1.0
KC-16540,3908.262,709.4219,4,28,977.07,3908.28,2017-09-24,97,False,False,0.0
KC-16675,1146.05,156.7797,4,40,286.51,1146.04,2017-11-03,57,False,False,0.0
KD-16270,8282.358,1107.6952000000003,5,64,1656.47,8282.35,2016-09-02,484,True,True,1.0
KD-16345,1888.964,328.5942,6,36,314.83,1888.98,2017-11-19,41,False,False,0.0
KD-16495,8181.256,3038.6254,12,84,681.77,8181.24,2017-09-09,112,False,False,0.01
KD-16615,2243.5099999999998,539.7219,5,56,448.7,2243.5,2017-03-16,289,True,True,1.0
KE-16420,1686.7312,397.87989999999996,8,67,210.84,1686.72,2017-12-04,26,False,False,0.0
KF-16285,10604.266,1660.1386,7,67,1514.9,10604.3,2017-09-24,97,False,False,0.0
KH-16330,3312.864,454.7871,8,70,414.11,3312.88,2017-11-20,40,False,False,0.0
KH-16360,3100.612,528.2051,6,40,516.77,3100.62,2017-12-29,1,False,False,0.0
KH-16510,5952.859,656.1162,7,91,850.41,5952.87,2017-12-08,22,False,False,0.0
KH-16630,3918.9660000000003,727.3786,9,84,435.44,3918.96,2017-11-02,58,False,False,0.0
KH-16690,5990.799,1227.5091,7,69,855.83,5990.81,2017-12-28,2,False,False,0.0
KL-16555,5016.488,-182.78130000000002,8,84,627.06,5016.48,2017-12-14,16,False,False,0.0
KL-16645,14175.229000000001,806.855,12,113,1181.27,14175.24,2017-11-13,47,False,False,0.0
KM-16225,2260.958,635.1057000000001,6,72,376.83,2260.98,2017-12-16,14,False,False,0.0
KM-16375,5620.186,973.7901999999999,8,69,702.52,5620.16,2017-11-04,56,False,False,0.01
KM-16660,453.538,91.1391,5,30,90.71,453.55,2017-12-15,15,False,False,0.01
KM-16720,4909.472,745.7685,8,98,613.68,4909.44,2017-12-02,28,False,False,0.0
KN-16390,2617.272,-151.1518,9,56,290.81,2617.29,2017-12-11,19,False,False,0.0
KN-16450,2171.962,114.3083,5,49,434.39,2171.95,2017-11-08,52,False,False,0.0
KN-16705,2280.58,329.76250000000005,8,55,285.07,2280.56,2017-09-23,98,False,False,0.0
KS-16300,88.472,0.11099999999999888,3,10,29.49,88.47,2017-03-10,295,True,True,0.97
KT-16465,3057.1,254.0032,7,45,436.73,3057.11,2016-12-04,391,True,True,0.93
KT-16480,4642.088400000001,194.0671,10,37,464.21,4642.1,2017-09-21,100,False,False,0.0
KW-16435,4416.5199999999995,1756.135,5,42,883.3,4416.5,2017-09-25,96,False,False,0.0
KW-16570,449.096,107.92699999999999,4,22,112.27,449.08,2015-11-20,771,True,True,1.0
LA-16780,8673.222,2059.1199,11,105,788.47,8673.17,2017-07-29,154,False,False,0.0
LB-16735,50.188,18.6507,3,12,16.73,50.19,2017-11-12,48,False,False,0.01
LB-16795,4985.676,-52.19099999999998,8,76,623.21,4985.68,2017-07-31,152,False,False,0.0
LC-16870,2580.7039999999997,-188.25110000000004,8,113,322.59,2580.72,2017-12-03,27,False,False,0.0
LC-16885,7663.126,1288.3469,12,93,638.59,7663.08,2017-12-14,16,False,False,0.01
LC-16930,4492.946,288.26599999999996,8,52,561.62,4492.96,2017-11-19,41,False,False,0.0
LC-16960,3246.626,299.48019999999997,4,30,811.66,3246.64,2016-10-20,436,True,True,1.0
LC-17050,2095.064,86.77799999999999,5,43,419.01,2095.05,2017-11-06,54,False,False,0.0
LC-17140,2633.582,231.12520000000004,9,62,292.62,2633.58,2017-12-17,13,False,False,0.0
LD-16855,5.304,0.4641,1,3,5.3,5.3,2016-06-26,552,True,True,1.0
LD-17005,1961.934,557.1714,4,25,490.48,1961.92,2016-11-11,414,True,True,1.0
LE-16810,1469.45,161.76489999999998,6,32,244.91,1469.46,2017-12-09,21,False,False,0.0
LF-17185,3930.5089999999996,-3583.977,7,69,561.5,3930.5,2017-12-08,22,False,False,0.0
LH-16750,287.426,12.627699999999999,3,12,95.81,287.43,2017-08-01,151,False,False,0.02
LH-16900,2295.332,526.0727,9,64,255.04,2295.36,2017-12-09,21,False,False,0.0
LH-17020,318.239,-242.73989999999998,4,34,79.56,318.24,2017-05-05,239,True,True,0.97
LH-17155,1739.689,316.5202,9,44,193.3,1739.7,2016-12-10,385,True,True,0.99
LL-16840,2741.2039999999997,560.0078,6,50,456.87,2741.22,2017-04-25,249,True,True,0.99
LM-17065,1346.774,-44.87799999999999,5,32,269.35,1346.75,2016-12-04,391,True,True,1.0
LO-17170,644.35,150.1712,5,34,128.87,644.35,2017-12-28,2,False,False,0.0
LP-17080,756.606,110.7813,4,39,189.15,756.6,2017-11-20,40,False,False,0.0
LP-17095,3653.399,338.44539999999995,7,52,521.91,3653.37,2017-12-21,9,False,False,0.0
LR-16915,5142.892,535.4764,6,64,857.15,5142.9,2017-12-04,26,False,False,0.0
LR-17035,1879.306,-382.8079,5,44,375.86,1879.3,2017-08-20,132,False,False,0.01
LS-16945,2845.27,-318.77369999999996,6,51,474.21,2845.26,2017-07-05,178,False,False,0.01
LS-16975,2988.674,262.63669999999996,9,63,332.07,2988.63,2017-12-10,20,False,False,0.0
LS-17200,1010.2560000000001,244.197,6,54,168.38,1010.28,2017-09-25,96,False,False,0.01
LS-17230,368.88000000000005,39.1952,3,16,122.96,368.88,2015-11-14,777,True,True,0.99
LS-17245,1008.1360000000001,348.3584,6,47,168.02,1008.12,2017-11-26,34,False,False,0.0
LT-16765,329.876,59.036,3,8,109.96,329.88,2017-12-04,26,False,False,0.0
LT-17110,2936.252,320.973,8,63,367.03,2936.24,2017-11-26,34,False,False,0.0
LW-16825,2238.061,32.5767,5,50,447.61,2238.05,2017-10-03,88,False,False,0.0
LW-16990,3230.308,662.8339000000001,6,38,538.38,3230.28,2017-11-27,33,False,False,0.0
LW-17125,1259.04,192.6312,3,15,419.68,1259.04,2017-06-08,205,True,True,1.0
LW-17215,5420.514,837.2411,7,59,774.36,5420.52,2017-12-09,21,False,False,0.0
MA-17560,4299.161,1240.2266,11,117,390.83,4299.13,2017-10-27,64,False,False,0.0
MA-17995,2453.284,280.7822,6,42,408.88,2453.28,2017-06-27,186,True,True,0.9
MB-17305,1548.702,212.425,10,63,154.87,1548.7,2017-11-12,48,False,False,0.0
MB-18085,1428.231,117.8057,7,39,204.03,1428.21,2017-11-16,44,False,False,0.0
MC-17275,2725.982,461.0014,8,54,340.75,2726.0,2017-10-15,76,False,False,0.0
MC-17425,4432.138,1802.3903,5,48,886.43,4432.15,2016-11-26,399,True,True,0.99
MC-17575,1303.893,210.7493,8,40,162.99,1303.92,2017-12-03,27,False,False,0.01
MC-17590,2426.067,288.98409999999996,6,47,404.34,2426.04,2017-11-09,51,False,False,0.0
MC-17605,2258.192,195.4486,8,60,282.27,2258.16,2017-09-09,112,False,False,0.0
MC-17635,795.154,-247.94350000000003,4,33,198.79,795.16,2017-06-24,189,True,True,0.99
MC-17845,3805.714,698.4174,7,45,543.67,3805.69,2017-12-29,1,False,False,0.01
MC-18100,2218.98,-64.1668,10,73,221.9,2219.0,2017-11-19,41,False,False,0.0
MC-18130,1581.9979999999998,121.7565,5,34,316.4,1582.0,2016-12-26,369,True,True,1.0
MD-17350,3766.382,-241.94999999999996,7,64,538.05,3766.35,2017-09-04,117,False,False,0.0
MD-17860,1204.91,-4.040300000000002,5,45,240.98,1204.9,2017-11-24,36,False,False,0.0
ME-17320,10663.728000000001,1859.4695,10,82,1066.37,10663.7,2017-11-18,42,False,False,0.0
ME-17725,1908.4532,77.81280000000001,8,46,238.56,1908.48,2017-12-02,28,False,False,0.0
ME-18010,1256.944,107.3604,4,15,314.24,1256.96,2017-09-29,92,False,False,0.0
MF-17665,937.039,-341.52650000000006,5,36,187.41,937.05,2016-11-04,421,True,True,0.99
MF-18250,1758.3,456.86080000000004,5,38,351.66,1758.3,2017-12-23,7,False,False,0.0
MG-17650,3785.276,341.898,7,57,540.75,3785.25,2017-12-01,29,False,False,0.0
MG-17680,2350.188,25.888599999999972,4,25,587.55,2350.2,2017-09-29,92,False,False,0.0
MG-17695,1342.282,-398.79319999999996,3,23,447.43,1342.29,2016-06-23,555,True,True,1.0
MG-17875,1242.8329999999999,-470.7684,5,23,248.57,1242.85,2017-09-05,116,False,False,0.0
MG-17890,776.384,171.7372,9,35,86.26,776.34,2017-09-22,99,False,False,0.0
MG-18145,3061.543,-93.603,4,42,765.39,3061.56,2017-10-07,84,False,False,0.0
MG-18205,16.739,-1.2453,1,8,16.74,16.74,2017-04-10,264,True,True,1.0
MH-17290,2394.025,28.761200000000038,6,55,399.0,2394.0,2017-09-02,119,False,False,0.0
MH-17440,400.016,61.428599999999996,4,25,100.0,400.0,2016-12-19,376,True,True,1.0
MH-17455,2456.1820000000002,484.77330000000006,8,45,307.02,2456.16,2017-10-06,85,False,False,0.0
MH-17620,1252.8,122.3612,4,19,313.2,1252.8,2017-07-28,155,False,False,0.01
MH-17785,2203.7780000000002,238.5614,7,42,314.83,2203.81,2017-09-23,98,False,False,0.0
MH-18025,2984.948,476.9032,5,31,596.99,2984.95,2017-11-11,49,False,False,0.0
MH-18115,5503.093,170.9746,9,79,611.45,5503.05,2017-12-25,5,False,False,0.0
MJ-17740,6320.746,1054.5529000000001,7,50,902.96,6320.72,2017-12-08,22,False,False,0.0
MK-17905,2302.368,-405.3559,8,73,287.8,2302.4,2017-12-02,28,False,False,0.0
MK-18160,1031.602,227.83380000000002,4,43,257.9,1031.6,2017-05-04,240,True,True,0.99
ML-17395,2722.843,684.9162,9,72,302.54,2722.86,2017-10-22,69,False,False,0.0
ML-17410,2921.5,-76.17550000000003,6,51,486.92,2921.52,2017-11-06,54,False,False,0.0
ML-17755,2071.9139999999998,409.51120000000003,7,53,295.99,2071.93,2017-12-01,29,False,False,0.0
ML-18040,742.082,138.71620000000001,3,18,247.36,742.08,2017-10-12,79,False,False,0.02
ML-18265,162.232,42.6648,2,7,81.12,162.24,2017-09-21,100,False,False,0.02
MM-17260,1314.023,178.402,4,17,328.51,1314.04,2017-07-15,168,False,False,0.0
MM-17920,3794.0800000000004,82.12499999999997,11,68,344.92,3794.12,2017-12-23,7,False,False,0.0
MM-18055,2749.881,-520.3443,8,73,343.74,2749.92,2017-10-30,61,False,False,0.0
MM-18280,775.414,58.8916,9,32,86.16,775.44,2017-10-06,85,False,False,0.01
MN-17935,2477.946,290.8227,6,36,412.99,2477.94,2017-11-26,34,False,False,0.0
MO-17500,922.487,59.357699999999994,4,15,230.62,922.48,2017-10-19,72,False,False,0.02
MO-17800,1687.0269999999998,169.34369999999998,8,49,210.88,1687.04,2017-09-17,104,False,False,0.0
MO-17950,154.288,-82.0074,2,14,77.14,154.28,2017-07-03,180,False,False,0.41
MP-17470,3206.132,600.2873,7,77,458.02,3206.14,2016-01-11,719,True,True,0.98
MP-17965,3983.6420000000003,638.1563,9,62,442.63,3983.67,2017-10-19,72,False,False,0.0
MP-18175,5087.92,226.4529,9,78,565.32,5087.88,2017-12-14,16,False,False,0.0
MR-17545,639.178,162.9363,4,29,159.79,639.16,2017-08-27,125,False,False,0.0
MS-17365,7443.6900000000005,844.9354999999998,10,105,744.37,7443.7,2017-04-01,273,True,True,1.0
MS-17530,475.65599999999995,84.0268,4,21,118.91,475.64,2016-10-22,434,True,True,0.99
MS-17710,1613.402,247.4348,6,48,268.9,1613.4,2016-11-12,413,True,True,0.99
MS-17770,3144.678,280.85839999999996,9,73,349.41,3144.69,2017-08-31,121,False,False,0.0
MS-17830,370.348,19.431199999999997,4,14,92.59,370.36,2016-10-04,452,True,True,1.0
MS-17980,855.116,55.226,6,49,142.52,855.12,2017-12-04,26,False,False,0.0
MT-17815,2890.139,509.0068,6,31,481.69,2890.14,2017-11-11,49,False,False,0.0
MT-18070,1319.4498,-23.676300000000005,4,44,329.86,1319.44,2017-06-10,203,True,True,1.0
MV-17485,1560.05,189.0258,9,52,173.34,1560.06,2017-12-03,27,False,False,0.0
MV-18190,1734.574,273.8582,7,37,247.8,1734.6,2017-12-11,19,False,False,0.0
MW-18220,5341.900000000001,1238.422,7,51,763.13,5341.91,2017-12-13,17,False,False,0.0
MW-18235,5253.876,1665.516,2,13,2626.94,5253.88,2017-11-16,44,False,False,0.01
MY-17380,2254.285,319.1211,7,49,322.04,2254.28,2017-12-01,29,False,False,0.0
MY-18295,4152.696,-371.7111,11,89,377.52,4152.72,2017-10-20,71,False,False,0.0
MZ-17335,593.606,85.01910000000001,4,11,148.4,593.6,2017-11-30,30,False,False,0.0
MZ-17515,2564.906,787.7503,6,39,427.48,2564.88,2017-03-23,282,True,True,1.0
NB-18580,273.87199999999996,24.788800000000002,2,7,136.94,273.88,2014-10-22,1165,True,True,0.98
NB-18655,1972.599,117.6429,9,64,219.18,1972.62,2017-12-11,19,False,False,0.0
NC-18340,2461.404,580.3075,5,54,492.28,2461.4,2017-05-20,224,True,True,1.0
NC-18415,2218.9900000000002,-2204.8072,6,38,369.83,2218.98,2017-11-19,41,False,False,0.0
NC-18535,8241.739,1314.758,7,64,1177.39,8241.73,2017-12-24,6,False,False,0.0
NC-18625,1821.742,-359.02099999999996,5,29,364.35,1821.75,2017-06-09,204,True,True,0.98
ND-18370,4326.139,353.64549999999997,9,63,480.68,4326.12,2017-12-03,27,False,False,0.0
ND-18460,2893.455,443.33680000000004,6,36,482.24,2893.44,2017-06-30,183,True,True,0.93
NF-18385,8322.826,-1695.9714,7,52,1188.98,8322.86,2017-10-12,79,False,False,0.0
NF-18475,377.16200000000003,85.92779999999999,4,13,94.29,377.16,2016-07-23,525,True,True,1.0
NF-18595,2031.472,388.2131,7,55,290.21,2031.47,2017-09-07,114,False,False,0.0
NG-18355,1869.58,313.63349999999997,5,45,373.92,1869.6,2017-11-12,48,False,False,0.0
NG-18430,1395.9379999999999,217.0893,5,41,279.19,1395.95,2017-11-12,48,False,False,0.01
NH-18610,2673.29,760.1666,7,52,381.9,2673.3,2017-06-24,189,True,True,0.99
NK-18490,572.048,121.2177,7,51,81.72,572.04,2017-10-21,70,False,False,0.02
NL-18310,1418.0900000000001,343.6381,4,44,354.52,1418.08,2017-11-02,58,False,False,0.0
NM-18445,6459.344,2751.6848999999997,7,44,922.76,6459.32,2017-07-23,160,False,False,0.0
NM-18520,2161.979,788.9525000000001,10,60,216.2,2162.0,2017-04-30,244,True,True,1.0
NP-18325,5529.62,1208.8890000000001,6,77,921.6,5529.6,2017-12-05,25,False,False,0.0
NP-18670,3908.402,514.6002,5,46,781.68,3908.4,2017-11-02,58,False,False,0.0
NP-18685,1228.698,514.5017,6,23,204.78,1228.68,2016-11-19,406,True,True,0.98
NP-18700,7903.1825,631.2282,7,63,1129.03,7903.21,2017-08-14,138,False,False,0.0
NR-18550,2367.277,-25.148799999999966,5,37,473.46,2367.3,2017-06-03,210,True,True,1.0
NS-18505,2575.863,-12.303999999999997,4,52,643.97,2575.88,2017-12-24,6,False,False,0.0
NS-18640,2964.823,-234.7714,13,113,228.06,2964.78,2017-07-09,174,False,False,0.01
NW-18400,7234.014,1023.123,7,78,1033.43,7234.01,2017-07-11,172,False,False,0.0
NZ-18565,2488.31,402.4236,9,77,276.48,2488.32,2017-10-06,85,False,False,0.0
ON-18715,1567.52,-5.88900000000001,9,58,174.17,1567.53,2016-11-15,410,True,True,1.0
OT-18730,3818.624,-925.1203,5,51,763.72,3818.6,2017-10-26,65,False,False,0.0
PA-19060,729.408,225.8588,6,27,121.57,729.42,2017-09-18,103,False,False,0.0
PB-18805,740.356,229.2257,3,54,246.79,740.37,2017-12-05,25,False,False,0.0
PB-19105,688.324,218.15970000000002,4,18,172.08,688.32,2017-11-03,57,False,False,0.0
PB-19150,1456.95,280.6606,8,54,182.12,1456.96,2017-09-24,97,False,False,0.0
PB-19210,132.738,21.897000000000002,2,10,66.37,132.74,2016-02-11,688,True,True,0.99
PC-18745,1832.064,272.685,4,22,458.02,1832.08,2017-12-28,2,False,False,0.0
PC-19000,1061.488,-184.3364,2,18,530.74,1061.48,2015-08-01,882,True,True,1.0
PF-19120,9062.864,-614.2943000000001,4,75,2265.72,9062.88,2015-09-17,835,True,True,0.98
PF-19165,2770.0,196.87389999999996,6,34,461.67,2770.02,2017-06-17,196,True,True,0.95
PF-19225,2206.1279999999997,591.3118000000001,5,32,441.23,2206.15,2017-09-07,114,False,False,0.0
PG-18820,3086.907,137.46130000000002,13,83,237.45,3086.85,2017-11-24,36,False,False,0.0
PG-18895,1987.164,334.5163,9,61,220.8,1987.2,2017-11-03,57,False,False,0.0
PH-18790,729.648,47.8878,1,6,729.65,729.65,2017-10-21,70,False,False,0.01
PJ-18835,1220.09,442.1355,8,46,152.51,1220.08,2017-11-21,39,False,False,0.0
PJ-19015,1824.2340000000002,682.9979000000001,7,25,260.6,1824.2,2017-08-18,134,False,False,0.0
PK-18910,1441.152,-798.705,2,14,720.58,1441.16,2016-09-03,483,True,True,1.0
PK-19075,8646.934,2038.2676000000001,12,107,720.58,8646.96,2017-12-21,9,False,False,0.01
PL-18925,239.481,-0.7527000000000026,5,29,47.9,239.5,2017-12-15,15,False,False,0.0
PM-18940,1405.402,157.8768,3,16,468.47,1405.41,2016-12-09,386,True,True,1.0
PM-19135,4115.662,526.7537,4,36,1028.92,4115.68,2017-11-09,51,False,False,0.0
PN-18775,1467.152,192.0396,8,47,183.39,1467.12,2017-11-30,30,False,False,0.0
PO-18850,7473.8282,38.47569999999996,11,91,679.44,7473.84,2017-12-26,4,False,False,0.0
PO-18865,2493.214,437.8533,7,54,356.17,2493.19,2017-12-30,0,False,False,0.0
PO-19180,4893.043,1155.4331,9,65,543.67,4893.03,2017-07-23,160,False,False,0.01
PO-19195,1056.858,-49.70089999999999,5,32,211.37,1056.85,2017-10-05,86,False,False,0.0
PP-18955,7252.608,1495.0854,10,138,725.26,7252.6,2017-09-24,97,False,False,0.0
PR-18880,1840.178,247.6226,5,43,368.04,1840.2,2017-11-24,36,False,False,0.0
PS-18760,2181.479,-134.441,6,75,363.58,2181.48,2017-09-14,107,False,False,0.0
PS-18970,1278.639,198.5099,8,52,159.83,1278.64,2017-10-22,69,False,False,0.0
PS-19045,6843.634,1742.7296999999999,7,47,977.66,6843.62,2017-05-08,236,True,True,0.98
PT-19090,160.572,-20.0508,4,19,40.14,160.56,2017-10-20,71,False,False,0.01
PV-18985,2876.046,434.52840000000003,5,52,575.21,2876.05,2017-10-02,89,False,False,0.0
PW-19030,3454.916,803.8169,10,48,345.49,3454.9,2017-11-14,46,False,False,0.0
PW-19240,3922.4150000000004,1290.354,7,39,560.34,3922.38,2016-09-22,464,True,True,0.99
QJ-19255,6108.338,1203.6768,9,61,678.7,6108.3,2017-12-05,25,False,False,0.01
RA-19285,2617.906,546.0882,9,58,290.88,2617.92,2017-12-25,5,False,False,0.0
RA-19885,3832.314,1292.8656,7,53,547.47,3832.29,2017-11-17,43,False,False,0.01
RA-19915,4793.543,304.8673,9,75,532.62,4793.58,2017-12-18,12,False,False,0.0
RA-19945,1686.9225,-445.695,5,27,337.38,1686.9,2017-10-30,61,False,False,0.0
RB-19330,1008.1959999999999,-164.40619999999998,2,16,504.1,1008.2,2017-10-23,68,False,False,0.02
RB-19360,15117.339,6976.0959,6,71,2519.56,15117.36,2017-09-25,96,False,False,0.0
RB-19435,2663.0860000000002,477.23990000000003,8,66,332.89,2663.12,2017-12-11,19,False,False,0.0
RB-19465,4715.466,640.5466,12,85,392.96,4715.52,2017-12-21,9,False,False,0.0
RB-19570,528.546,76.8879,5,35,105.71,528.55,2017-12-05,25,False,False,0.01
RB-19645,221.084,72.679,5,29,44.22,221.1,2016-03-22,648,True,True,0.99
RB-19705,2067.45,243.07549999999998,4,22,516.86,2067.44,2017-11-06,54,False,False,0.0
RB-19795,5633.316000000001,-461.73319999999995,8,92,704.16,5633.28,2017-11-28,32,False,False,0.0
RC-19825,966.409,63.991400000000006,6,29,161.07,966.42,2016-12-26,369,True,True,1.0
RC-19960,885.752,10.563300000000002,6,44,147.63,885.78,2017-09-11,110,False,False,0.0
RD-19480,4272.93,480.594,8,60,534.12,4272.96,2017-10-19,72,False,False,0.0
RD-19585,2912.8940000000002,734.5158,10,73,291.29,2912.9,2017-07-03,180,False,False,0.11
RD-19660,2786.632,835.772,5,23,557.33,2786.65,2017-09-07,114,False,False,0.0
RD-19720,1419.737,207.3304,10,78,141.97,1419.7,2017-12-09,21,False,False,0.0
RD-19810,1137.616,318.4625,8,63,142.2,1137.6,2017-12-16,14,False,False,0.0
RD-19900,3133.924,455.5292,9,85,348.21,3133.89,2017-09-07,114,False,False,0.0
RD-19930,970.9420000000001,35.05740000000001,4,33,242.74,970.96,2017-11-18,42,False,False,0.02
RE-19405,48.36,6.045,1,5,48.36,48.36,2014-12-29,1097,True,True,1.0
RE-19450,876.696,209.2294,5,47,175.34,876.7,2017-03-03,302,True,True,0.95
RF-19345,3309.15,633.7072000000001,8,67,413.64,3309.12,2016-12-05,390,True,True,0.98
RF-19735,2341.2960000000003,711.6168,7,53,334.47,2341.29,2017-10-02,89,False,False,0.0
RF-19840,945.222,280.0261,8,45,118.15,945.2,2017-12-24,6,False,False,0.0
RH-19495,3621.3759999999997,563.7877,5,38,724.28,3621.4,2017-11-28,32,False,False,0.0
RH-19510,6979.18,1289.4535,6,43,1163.2,6979.2,2016-09-19,467,True,True,0.99
RH-19555,740.382,0.30570000000000164,2,11,370.19,740.38,2016-07-29,519,True,True,1.0
RH-19600,2085.7400000000002,172.6261,3,43,695.25,2085.75,2016-07-14,534,True,True,1.0
RK-19300,1460.192,269.688,3,29,486.73,1460.19,2017-09-02,119,False,False,0.0
RL-19615,6234.91,488.14840000000004,8,101,779.36,6234.88,2017-08-31,121,False,False,0.01
RM-19375,1453.474,392.1499,6,29,242.25,1453.5,2017-01-19,345,True,True,1.0
RM-19675,5979.0960000000005,1902.5438000000001,5,39,1195.82,5979.1,2017-12-24,6,False,False,0.04
RM-19750,98.35,28.6879,1,4,98.35,98.35,2017-03-06,299,True,True,1.0
RO-19780,3815.478,-1262.5716000000002,7,48,545.07,3815.49,2017-11-25,35,False,False,0.01
RP-19270,954.6452,59.538399999999996,4,47,238.66,954.64,2016-08-21,496,True,True,1.0
RP-19390,5153.084,465.25030000000015,12,88,429.42,5153.04,2017-11-27,33,False,False,0.0
RP-19855,2170.716,594.5868,8,61,271.34,2170.72,2017-12-02,28,False,False,0.0
RR-19315,615.932,-73.835,2,7,307.97,615.94,2017-12-11,19,False,False,0.02
RR-19525,3302.2619999999997,721.6826,6,36,550.38,3302.28,2017-07-13,170,False,False,0.01
RS-19420,3221.29,633.4513999999999,5,29,644.26,3221.3,2017-10-15,76,False,False,0.0
RS-19765,4159.7699999999995,1206.3851,8,54,519.97,4159.76,2017-11-24,36,False,False,0.0
RS-19870,22.328,9.5838,2,10,11.16,22.32,2017-12-11,19,False,False,0.07
RW-19540,7397.401,1586.6273,7,89,1056.77,7397.39,2017-09-01,120,False,False,0.0
RW-19630,3279.746,698.8325,9,53,364.42,3279.78,2017-10-02,89,False,False,0.0
RW-19690,3495.646,707.5503,5,61,699.13,3495.65,2017-10-12,79,False,False,0.0
SA-20830,4767.3415,610.1496000000001,10,75,476.73,4767.3,2017-10-28,63,False,False,0.0
SB-20170,1348.02,157.6658,3,24,449.34,1348.02,2017-06-12,201,True,True,1.0
SB-20185,6410.996,885.4623999999999,6,45,1068.5,6411.0,2017-06-25,188,True,True,0.99
SB-20290,8057.891,-2082.7451,7,84,1151.13,8057.91,2017-11-13,47,False,False,0.0
SC-20020,3362.9636,-317.0508,5,62,672.59,3362.95,2015-11-10,781,True,True,0.99
SC-20050,4624.572,1011.7443,9,61,513.84,4624.56,2017-11-20,40,False,False,0.0
SC-20095,14142.333999999999,5757.411899999999,9,87,1571.37,14142.33,2017-01-15,349,True,True,0.99
SC-20230,4371.9580000000005,440.14099999999996,4,49,1092.99,4371.96,2017-08-03,149,False,False,0.01
SC-20260,3729.7929999999997,671.0033999999999,8,63,466.22,3729.76,2017-06-26,187,True,True,1.0
SC-20305,3979.065,229.1617,7,64,568.44,3979.08,2017-12-01,29,False,False,0.0
SC-20380,5992.536,236.66149999999996,9,80,665.84,5992.56,2017-11-30,30,False,False,0.0
SC-20440,1874.998,379.5611,7,44,267.86,1875.02,2017-11-24,36,False,False,0.0
SC-20575,902.7280000000001,100.2253,5,30,180.55,902.75,2017-09-29,92,False,False,0.0
SC-20680,1254.64,370.1578,6,26,209.11,1254.66,2017-08-26,126,False,False,0.0
SC-20695,2576.408,611.8291,10,66,257.64,2576.4,2017-10-02,89,False,False,0.0
SC-20725,5226.21,1276.6513,11,133,475.11,5226.21,2017-06-26,187,True,True,0.99
SC-20770,4492.657,-671.1874,7,75,641.81,4492.67,2017-11-19,41,False,False,0.0
SC-20800,279.25600000000003,51.8252,4,11,69.81,279.24,2017-11-30,30,False,False,0.0
SC-20845,280.632,31.1757,2,13,140.32,280.64,2017-08-21,131,False,False,0.0
SD-20485,6121.114,1985.1671999999999,9,82,680.12,6121.08,2017-06-13,200,True,True,0.97
SE-20110,12209.438000000002,2650.6769,11,78,1109.95,12209.45,2017-12-21,9,False,False,0.0
SF-20065,763.5459999999999,228.1623,7,35,109.08,763.56,2017-11-01,59,False,False,0.0
SF-20200,3422.7859999999996,286.9046,9,74,380.31,3422.79,2017-11-01,59,False,False,0.0
SF-20965,3336.535,539.9352,9,66,370.73,3336.57,2017-11-12,48,False,False,0.0
SG-20080,3406.5809999999997,570.438,3,30,1135.53,3406.59,2017-12-22,8,False,False,0.0
SG-20470,1884.798,-119.0105,8,62,235.6,1884.8,2017-06-30,183,True,True,0.87
SG-20605,3124.832,463.269,6,49,520.81,3124.86,2017-09-13,108,False,False,0.01
SG-20890,47.946,-3.7073,3,17,15.98,47.94,2017-05-18,226,True,True,0.98
SH-19975,3406.8395,558.4739999999999,13,113,262.06,3406.78,2017-12-01,29,False,False,0.0
SH-20395,2180.718,-144.5229,10,45,218.07,2180.7,2017-12-07,23,False,False,0.0
SH-20635,2096.392,260.6258,2,16,1048.2,2096.4,2015-11-26,765,True,True,0.99
SJ-20125,3949.656,144.1189,12,104,329.14,3949.68,2017-09-26,95,False,False,0.0
SJ-20215,1341.036,-23.5137,6,35,223.51,1341.06,2017-12-01,29,False,False,0.0
SJ-20500,1318.776,68.09629999999999,5,30,263.76,1318.8,2017-04-21,253,True,True,1.0
SK-19990,883.409,168.7933,3,19,294.47,883.41,2017-12-22,8,False,False,0.01
SL-20155,3053.012,527.9715,7,30,436.14,3052.98,2017-10-21,70,False,False,0.0
SM-20005,244.49399999999997,-26.5927,4,26,61.12,244.48,2016-11-04,421,True,True,0.97
SM-20320,25043.05,-1980.7393,5,50,5008.61,25043.05,2017-10-12,79,False,False,0.02
SM-20905,1043.041,-237.2885,1,20,1043.04,1043.04,2016-05-03,606,True,True,0.99
SM-20950,5563.392,581.5741999999999,12,94,463.62,5563.44,2017-12-05,25,False,False,0.01
SN-20560,1860.418,-716.8565000000001,6,67,310.07,1860.42,2017-09-10,111,False,False,0.0
SN-20710,3127.9592,481.74989999999997,7,89,446.85,3127.95,2017-10-12,79,False,False,0.0
SO-20335,2602.5755,-81.0858,6,52,433.76,2602.56,2017-12-01,29,False,False,0.0
SP-20545,1306.086,-118.77570000000001,6,43,217.68,1306.08,2017-02-06,327,True,True,0.99
SP-20620,5440.319,-270.42819999999995,9,77,604.48,5440.32,2017-11-13,47,False,False,0.0
SP-20650,1872.4360000000001,268.4782,9,71,208.05,1872.45,2016-12-09,386,True,True,0.98
SP-20860,4282.94,566.7226,10,80,428.29,4282.9,2017-10-12,79,False,False,0.0
SP-20920,3990.689,14.692400000000003,6,57,665.11,3990.66,2017-10-21,70,False,False,0.0
SR-20425,3233.481,-3333.9144,5,34,646.7,3233.5,2017-12-22,8,False,False,0.0
SR-20740,4345.8859999999995,1990.4243999999999,8,50,543.24,4345.92,2017-06-17,196,True,True,0.99
SS-20140,1324.028,332.3487,8,86,165.5,1324.0,2017-12-15,15,False,False,0.0
SS-20410,3056.8070000000002,-1010.9738,6,46,509.47,3056.82,2017-09-11,110,False,False,0.0
SS-20515,613.4,199.93449999999999,3,36,204.47,613.41,2016-08-26,491,True,True,1.0
SS-20590,418.49,135.5401,6,17,69.75,418.5,2016-10-24,432,True,True,0.98
SS-20875,964.636,-75.586,5,39,192.93,964.65,2017-09-01,120,False,False,0.02
ST-20530,433.34000000000003,84.4419,7,33,61.91,433.37,2017-08-27,125,False,False,0.02
SU-20665,2595.364,763.4719,7,61,370.77,2595.39,2017-12-10,20,False,False,0.01
SV-20365,11470.949999999999,1199.4242,10,109,1147.09,11470.9,2017-09-20,101,False,False,0.0
SV-20785,4105.305,485.0272,9,91,456.15,4105.35,2017-02-13,320,True,True,0.98
SV-20815,1271.0900000000001,199.6502,4,24,317.77,1271.08,2017-10-15,76,False,False,0.0
SV-20935,1903.491,106.8912,8,66,237.94,1903.52,2017-12-28,2,False,False,0.0
SW-20245,1085.078,-19.60620000000001,7,33,155.01,1085.07,2017-10-10,81,False,False,0.0
SW-20275,1966.65,332.8725,6,28,327.78,1966.68,2017-11-30,30,False,False,0.0
SW-20350,1019.044,95.8383,3,25,339.68,1019.04,2017-07-21,162,False,False,0.02
SW-20455,2921.544,793.6548,7,18,417.36,2921.52,2017-07-21,162,False,False,0.01
SW-20755,758.6959999999999,68.2416,2,27,379.35,758.7,2016-07-14,534,True,True,1.0
SZ-20035,3625.329,366.43030000000005,11,69,329.58,3625.38,2017-11-25,35,False,False,0.0
TA-21385,14595.62,4703.7883,4,36,3648.9,14595.6,2017-10-22,69,False,False,0.04
TB-21055,1467.881,390.2113,5,66,293.58,1467.9,2017-09-02,119,False,False,0.0
TB-21175,3589.296,829.1635,4,36,897.32,3589.28,2017-11-02,58,False,False,0.0
TB-21190,816.1740000000001,179.0038,4,23,204.04,816.16,2017-11-11,49,False,False,0.01
TB-21250,1602.376,260.6155,7,74,228.91,1602.37,2017-01-15,349,True,True,0.99
TB-21280,2198.45,490.9567,6,35,366.41,2198.46,2016-05-26,583,True,True,0.99
TB-21355,834.328,268.967,5,44,166.87,834.35,2017-08-06,146,False,False,0.01
TB-21400,9133.99,2798.3689,7,55,1304.86,9134.02,2017-06-11,202,True,True,0.98
TB-21520,4737.486,-1603.0451,9,85,526.39,4737.51,2017-09-14,107,False,False,0.0
TB-21595,1387.559,-136.4091,5,29,277.51,1387.55,2017-03-20,285,True,True,1.0
TB-21625,2797.668,379.882,9,60,310.85,2797.65,2017-11-30,30,False,False,0.0
TC-20980,19052.218,8981.323900000001,5,42,3810.44,19052.2,2016-11-26,399,True,True,0.97
TC-21145,1038.26,265.5332,1,17,1038.26,1038.26,2017-09-15,106,False,False,0.0
TC-21295,4266.812,606.3727,8,63,533.35,4266.8,2017-12-03,27,False,False,0.01
TC-21475,1244.976,119.104,9,45,138.33,1244.97,2017-07-30,153,False,False,0.0
TC-21535,742.5580000000001,217.933,7,28,106.08,742.56,2017-12-26,4,False,False,0.0
TD-20995,1434.5480000000002,88.1897,9,67,159.39,1434.51,2017-11-23,37,False,False,0.0
TG-21310,3058.372,682.1704,5,30,611.67,3058.35,2017-01-27,337,True,True,1.0
TG-21640,2074.661,365.7205,4,50,518.67,2074.68,2017-09-07,114,False,False,0.0
TH-21100,2422.824,-135.2125,5,29,484.56,2422.8,2017-01-20,344,True,True,1.0
TH-21115,2942.772,-252.5539,4,29,735.69,2942.76,2017-11-02,58,False,False,0.0
TH-21235,1022.201,92.729,8,40,127.78,1022.24,2017-09-04,117,False,False,0.0
TH-21550,4234.0960000000005,-571.9678,7,44,604.87,4234.09,2017-10-19,72,False,False,0.0
TM-21010,2955.2259999999997,573.3013,8,67,369.4,2955.2,2017-09-18,103,False,False,0.0
TM-21490,1094.6779999999999,292.52099999999996,3,12,364.89,1094.67,2017-08-22,130,False,False,0.0
TN-21040,3130.221,-692.0452,7,48,447.17,3130.19,2017-10-01,90,False,False,0.0
TP-21130,4454.0560000000005,1129.1261,9,55,494.9,4454.1,2017-12-22,8,False,False,0.0
TP-21415,5329.0048,-1087.3898,5,39,1065.8,5329.0,2017-09-17,104,False,False,0.01
TP-21565,1936.6399999999999,139.22869999999995,4,48,484.16,1936.64,2017-01-14,350,True,True,1.0
TR-21325,675.9419999999999,220.36440000000002,5,22,135.19,675.95,2017-06-20,193,True,True,0.95
TS-21085,4.833,-3.3156,2,4,2.42,4.84,2017-01-07,357,True,True,0.98
TS-21160,2163.6240000000003,260.87440000000004,6,60,360.6,2163.6,2016-08-13,504,True,True,0.99
TS-21205,5371.09,862.8877,7,67,767.3,5371.1,2017-06-15,198,True,True,0.97
TS-21340,974.7819999999999,-184.97889999999998,5,51,194.96,974.8,2017-05-18,226,True,True,1.0
TS-21370,11891.751,2371.7144000000003,6,59,1981.96,11891.76,2017-11-24,36,False,False,0.0
TS-21430,2054.14,48.70169999999999,5,31,410.83,2054.15,2017-07-11,172,False,False,0.01
TS-21505,2243.274,11.377899999999983,6,54,373.88,2243.28,2017-12-19,11,False,False,0.0
TS-21610,2820.424,-294.6981,7,44,402.92,2820.44,2017-11-05,55,False,False,0.0
TS-21655,3368.094,220.91629999999998,5,52,673.62,3368.1,2017-05-06,238,True,True,0.99
TT-21070,4915.602,751.9567,7,66,702.23,4915.61,2017-11-29,31,False,False,0.0
TT-21220,1427.0439999999999,278.7371,8,55,178.38,1427.04,2017-06-30,183,True,True,0.93
TT-21265,439.5,93.9162,3,8,146.5,439.5,2016-11-19,406,True,True,1.0
TT-21460,5364.808,1124.4999,7,48,766.4,5364.8,2017-12-18,12,False,False,0.0
TW-21025,5278.826,737.3905,7,57,754.12,5278.84,2017-10-27,64,False,False,0.0
TZ-21580,1707.286,224.8887,4,30,426.82,1707.28,2017-11-25,35,False,False,0.0
VB-21745,2005.596,371.2398,6,37,334.27,2005.62,2017-11-06,54,False,False,0.0
VD-21670,6442.254,1617.7874000000002,6,71,1073.71,6442.26,2016-05-28,581,True,True,1.0
VF-21715,847.944,-96.27799999999999,5,35,169.59,847.95,2017-12-17,13,False,False,0.01
VG-21790,846.01,143.6268,6,32,141.0,846.0,2017-07-29,154,False,False,0.0
VG-21805,427.372,-52.333,5,16,85.47,427.35,2017-03-19,286,True,True,0.99
VM-21685,2454.866,513.5269,7,37,350.7,2454.9,2017-11-06,54,False,False,0.0
VM-21835,380.69,116.6373,5,25,76.14,380.7,2017-09-04,117,False,False,0.01
VP-21730,993.9019999999999,205.3888,3,18,331.3,993.9,2017-11-30,30,False,False,0.01
VP-21760,3360.526,-1018.7768,7,65,480.08,3360.56,2017-10-16,75,False,False,0.0
VS-21820,1055.981,-262.8093,4,38,264.0,1056.0,2017-05-23,221,True,True,1.0
VT-21700,1736.596,-224.08889999999997,2,42,868.3,1736.6,2015-04-05,1000,True,True,1.0
VW-21775,6134.0380000000005,-874.6645,10,77,613.4,6134.0,2017-12-02,28,False,False,0.0
WB-21850,6160.102,714.3311,11,146,560.01,6160.11,2017-12-10,20,False,False,0.0
XP-21865,2374.658,621.23,11,100,215.88,2374.68,2017-11-17,43,False,False,0.02
YC-21895,5454.35,1305.629,5,31,1090.87,5454.35,2017-12-26,4,False,False,0.03
YS-21880,6720.4439999999995,1778.2923,8,58,840.06,6720.48,2017-12-21,9,False,False,0.0
ZC-21910,8025.707,-1032.1490000000001,13,105,617.36,8025.68,2017-11-06,54,False,False,0.0
ZD-21925,1493.944,249.1307,5,32,298.79,1493.95,2017-06-11,202,True,True,1.0
